 <ns5:SubmitObjectsRequest xmlns:xsi="http://www.w3.org/2001/XMLSchema-instance" xmlns:xsd="http://www.w3.org/2001/XMLSchema" xmlns:ns5="urn:oasis:names:tc:ebxml-regrep:xsd:lcm:3.0">
     <RegistryObjectList xmlns="urn:oasis:names:tc:ebxml-regrep:xsd:rim:3.0">
         <!--##################################################################-->
         <!--RegistryPackage-->
         <!--##################################################################-->
         <ns2:RegistryPackage  xmlns:ns2="urn:oasis:names:tc:ebxml-regrep:xsd:rim:3.0" id="SubmissionSet_01"  status="urn:oasis:names:tc:ebxml-regrep:StatusType:Approved"  >
             <!--===================-->
             <!--SubmissionTime-->
             <!--===================-->
             <ns2:Slot name="submissionTime"> 
                 <ns2:ValueList>
                     <ns2:Value>20211109164746</ns2:Value>
                 </ns2:ValueList>
             </ns2:Slot>
             <!--===================-->
             <!--Name-->
             <!--===================-->
             <ns2:Name>
                 <ns2:LocalizedString xml:lang="FR" charset="UTF8" value="Compte rendu d'examens biologiques"/>
             </ns2:Name>
             <!--===================-->
             <!--Description (comments)-->
             <!--===================-->
             <ns2:Description>
                 <ns2:LocalizedString xml:lang="FR" charset="UTF8" value="Ecrire ici les commentaires relatifs au lot de soumission"/>
             </ns2:Description>
             <!--===================-->
             <!--Author attributes-->
             <!--===================-->
             <ns2:Classification id="SubmissionSet01_c001" classificationScheme="urn:uuid:a7058bb9-b4e4-4307-ba5b-e3f0ab85e12d" classifiedObject="SubmissionSet01" nodeRepresentation=""> 
             <!--===================-->
             <!--AuthorInstitution-->
             <!--===================-->
                 <ns2:Slot name="authorInstitution">
                     <ns2:ValueList>
                         <ns2:Value>Laboratoire des charmes^^^^^&amp;1.2.250.1.71.4.2.2&amp;ISO^IDNST^^^1120459876</ns2:Value>
                     </ns2:ValueList>
                 </ns2:Slot>
             <!--===================-->
             <!--AuthorPerson-->
             <!--===================-->
             <ns2:Slot name="authorPerson">
                 <ns2:ValueList>
                 <ns2:Value>801234534765^CAMPARINI^Marcel^^^^^^&amp;1.2.250.1.71.4.2.1&amp;ISO^D^^^IDNPS</ns2:Value>
                 </ns2:ValueList>
             </ns2:Slot>
             <!--===================-->
             <!--AuthorRole-->
             <!--===================-->
             <!--===================-->
             <!--AuthorSpecialty-->
             <!--===================-->
             <ns2:Slot name="authorSpecialty">
                 <ns2:ValueList>
                     <ns2:Value>G15_10/SM03^Médecin - Biologie médicale (SM)^1.2.250.1.213.1.1.4.5</ns2:Value>
                 </ns2:ValueList>
             </ns2:Slot>
             </ns2:Classification>
             <!--===================-->
             <!--HealthcareFacility-->
             <!--===================-->
             <ns2:Classification id="SubmissionSet01_c002" classificationScheme="urn:uuid:aa543740-bdda-424e-8c96-df4873be8500" classifiedObject="SubmissionSet01" nodeRepresentation="SA25" >
                 <ns2:Slot name="codingScheme" >
                     <ns2:ValueList>
                         <ns2:Value>1.2.250.1.71.4.2.4</ns2:Value>
                     </ns2:ValueList>
                 </ns2:Slot>
                 <ns2:Name>
                     <ns2:LocalizedString xml:lang="FR" charset="UTF8" value="Laboratoire de biologie médicale"/>	
                 </ns2:Name>
             </ns2:Classification>
             <!--===================-->
             <!--PatientId-->
             <!--===================-->
             <ns2:ExternalIdentifier id="PaId01" identificationScheme="urn:uuid:6b5aea1a-874d-4603-a4bc-96a0a7b38446" registryObject="urn:uuid:a6e06ca8-0c75-4064-9e5d-88b9045a9ab6" value="277076322082910^^^&amp;1.2.250.1.213.1.4.8&amp;ISO^NH">
                 <ns2:Name>
                     <ns2:LocalizedString value="XDSSubmissionSet.patientId"/>
                 </ns2:Name>
             </ns2:ExternalIdentifier>
             <!--===================-->
             <!--SourceId-->
             <!--===================-->
             <ns2:ExternalIdentifier id="urn:uuid:88fce555-44ea-91dd-effe-aadd3333eabd" identificationScheme="urn:uuid:554ac39e-e3fe-47fe-b233-965d2a147832" registryObject="urn:uuid:a6e06ca8-0c75-4064-9e5d-88b9045a9ab6" value="1.2.250.1.71.4.2.2.1120459876">
                 <ns2:Name>
                     <ns2:LocalizedString value="XDSSumissionSet.sourceId"/>
                 </ns2:Name>
             </ns2:ExternalIdentifier>
             <!--===================-->
             <!--UniqueId-->
             <!--===================-->
             <ns2:ExternalIdentifier id="urn:uuid:abc34bac-22ef-dd78-effe-aadd3333eabd" identificationScheme="urn:uuid:96fdda7c-d067-4183-912e-bf5ee74998a8" registryObject="urn:uuid:a6e06ca8-0c75-4064-9e5d-88b9045a9ab6" value="1.2.250.1.213.1.1.1.1.2021.11.11.637720732668979335">
                 <ns2:Name>
                     <ns2:LocalizedString value="XDSSubmissionSet.uniqueId"/>
                 </ns2:Name>
             </ns2:ExternalIdentifier>
         </ns2:RegistryPackage>
         <!-- ################################################################## -->
         <!--   Extrinsic object - CDA DOC0001.XML-->
         <!-- ################################################################## -->
         <ns2:ExtrinsicObject mimeType="text/xml" objectType="urn:uuid:7edca82f-054d-47f2-a032-9b2a5b5186c1" id="documentEntryUUID_00001" xmlns:ns2="urn:oasis:names:tc:ebxml-regrep:xsd:rim:3.0" status="urn:oasis:names:tc:ebxml-regrep:StatusType:Approved"	>
             <!--===================-->
             <!--Hash-->
             <!--===================-->
             <ns2:Slot name="hash">
                 <ns2:ValueList>
                     <ns2:Value>7C18128E756C6212B61669085D1435B61C1EE88F</ns2:Value>
                 </ns2:ValueList>
             </ns2:Slot>
             <!--===================-->
             <!--Size-->
             <!--===================-->
             <ns2:Slot name="size">
                 <ns2:ValueList>
                     <ns2:Value>104574</ns2:Value>
                 </ns2:ValueList>
             </ns2:Slot>
             <!--===================-->
             <!--URI-->
             <!--===================-->
             <ns2:Slot name="URI">
                 <ns2:ValueList>
                     <ns2:Value>DOC0001.XML</ns2:Value>
                 </ns2:ValueList>
             </ns2:Slot>
             <!--===================-->
             <!--CreationTime-->
             <!--===================-->
             <ns2:Slot name="creationTime">
                 <ns2:ValueList>
                     <ns2:Value>20210401151000</ns2:Value>
                 </ns2:ValueList>
             </ns2:Slot>
             <!--===================-->
             <!--LangageCode-->
             <!--===================-->
             <ns2:Slot name="languageCode">
                 <ns2:ValueList>
                     <ns2:Value>fr-FR</ns2:Value>
                 </ns2:ValueList>
             </ns2:Slot>
             <!--===================-->
             <!--LegalAuthenticator-->
             <!--===================-->
             <ns2:Slot name="legalAuthenticator">
                 <ns2:ValueList>
                     <ns2:Value>801234534765^CAMPARINI^Marcel^^^^^^&amp;1.2.250.1.71.4.2.1&amp;ISO^D^^^IDNPS</ns2:Value>
                 </ns2:ValueList>
             </ns2:Slot>
             <!--===================-->
             <!--ServiceStartTime-->
             <!--===================-->
             <ns2:Slot name="serviceStartTime">
                 <ns2:ValueList>
                     <ns2:Value>20210104082200</ns2:Value>
                 </ns2:ValueList>
             </ns2:Slot>
             <!--===================-->
             <!--ServiceStopTime-->
             <!--===================-->
             <ns2:Slot name="serviceStopTime">
                 <ns2:ValueList>
                     <ns2:Value>20210104150500</ns2:Value>
                 </ns2:ValueList>
             </ns2:Slot>
             <!--===================-->
             <!--SourcePatientId-->
             <!--===================-->
             <ns2:Slot name="sourcePatientId">
                 <ns2:ValueList>
                     <ns2:Value>1234567890121^^^&amp;1.2.3.4.567.8.9.10&amp;ISO^PI</ns2:Value>
                 </ns2:ValueList>
             </ns2:Slot>
             <!--===================-->
             <!--SourcePatientInfo-->
             <!--===================-->
             <ns2:Slot name="sourcePatientInfo">
                 <ns2:ValueList>
                     <ns2:Value>PID-5|NESSI^RUTH^^^^^L</ns2:Value>
                     <ns2:Value>PID-5|DECOURCY^RUTH^^^^^D</ns2:Value>
                     <ns2:Value>PID-5|DECOURCY^RUTH^^^^^D</ns2:Value>
                     <ns2:Value>PID-7|19770714</ns2:Value>
                     <ns2:Value>PID-8|F</ns2:Value>
                 </ns2:ValueList>
             </ns2:Slot>
             <!--===================-->
             <!--Name-->
             <!--===================-->
             <ns2:Name>
                 <ns2:LocalizedString xml:lang="FR" charset="UTF8"                  value="Compte rendu d'examens biologiques"/>
             </ns2:Name>
             <!--===================-->
             <!--Description (Comments)-->
             <!--===================-->
             <ns2:Description>
                 <ns2:LocalizedString xml:lang="FR" charset="UTF8"                  value="Ecrire ici les commentaires relatifs au lot de soumission"/>
             </ns2:Description>
             <!--===================-->
             <!--EventCodeList-->
             <!--===================-->
             <ns2:Classification classificationScheme="urn:uuid:2c6b8cb7-8b2a-4051-b291-b1ae6a575ef4" classifiedObject="documentEntryUUID_00001" id="EventCodeList_001N01"               nodeRepresentation="18719-5" objectType="urn:oasis:names:tc:ebxml-regrep:ObjectType:RegistryObject:Classification" >
                 <ns2:Slot name="codingScheme">
                     <ns2:ValueList>
                         <ns2:Value>2.16.840.1.113883.6.1</ns2:Value>
                     </ns2:ValueList>
                 </ns2:Slot>
                 <ns2:Name>
                     <ns2:LocalizedString xml:lang="FR" charset="UTF8"                      value="Biochimie"/>
                 </ns2:Name>
                 </ns2:Classification>
                 <ns2:Classification classificationScheme="urn:uuid:2c6b8cb7-8b2a-4051-b291-b1ae6a575ef4" classifiedObject="documentEntryUUID_00001" id="EventCodeList_001N02"                   nodeRepresentation="18727-8" objectType="urn:oasis:names:tc:ebxml-regrep:ObjectType:RegistryObject:Classification" >
                     <ns2:Slot name="codingScheme">
                         <ns2:ValueList>
                             <ns2:Value>2.16.840.1.113883.6.1</ns2:Value>
                         </ns2:ValueList>
                     </ns2:Slot>
                     <ns2:Name>
                         <ns2:LocalizedString xml:lang="FR" charset="UTF8"                          value="Sérologie"/>
                     </ns2:Name>
                     </ns2:Classification>
                     <ns2:Classification classificationScheme="urn:uuid:2c6b8cb7-8b2a-4051-b291-b1ae6a575ef4" classifiedObject="documentEntryUUID_00001" id="EventCodeList_001N03"                       nodeRepresentation="18718-7" objectType="urn:oasis:names:tc:ebxml-regrep:ObjectType:RegistryObject:Classification" >
                         <ns2:Slot name="codingScheme">
                             <ns2:ValueList>
                                 <ns2:Value>2.16.840.1.113883.6.1</ns2:Value>
                             </ns2:ValueList>
                         </ns2:Slot>
                         <ns2:Name>
                             <ns2:LocalizedString xml:lang="FR" charset="UTF8"                              value="Protéines, marqueurs tumoraux, vitamines"/>
                         </ns2:Name>
                         </ns2:Classification>
                         <!--*********************************************************-->
                         <!--  Authors Attributes -->
                         <!--*********************************************************-->
                         <ns2:Classification id="cal11" classificationScheme="urn:uuid:93606bcf-9494-43ec-9b4e-a7748d1a838d" classifiedObject="b576aac4-33be-4875-b875-f8ee50bf66e0" nodeRepresentation=""> 
                             <!--===================-->
                             <!--AuthorInstitution-->
                             <!--===================-->
                             <ns2:Slot name="authorInstitution">
                                 <ns2:ValueList>
                                     <ns2:Value>Laboratoire des charmes^^^^^&amp;1.2.250.1.71.4.2.2&amp;ISO^IDNST^^^1120459876</ns2:Value>
                                 </ns2:ValueList>
                             </ns2:Slot>
                             <!--===================-->
                             <!--AuthorPerson-->
                             <!--===================-->
                             <ns2:Slot name="authorPerson">
                                 <ns2:ValueList>
                                 <ns2:Value>801234534765^CAMPARINI^Marcel^^^^^^&amp;1.2.250.1.71.4.2.1&amp;ISO^D^^^IDNPS</ns2:Value>
                                 </ns2:ValueList>
                             </ns2:Slot>
                             <!--===================-->
                             <!--AuthorRole-->
                             <!--===================-->
                             <!--===================-->
                             <!--AuthorSpecialty-->
                             <!--===================-->
                             <ns2:Slot name="authorSpecialty">
                                 <ns2:ValueList>
                                     <ns2:Value>G15_10/SM03^Médecin - Biologie médicale (SM)^1.2.250.1.213.1.1.4.5</ns2:Value>
                                 </ns2:ValueList>
                             </ns2:Slot>
                             </ns2:Classification>
                             <!--*********************************************************-->
                             <!--  Class -->
                             <!--*********************************************************-->
                             <!--  -->
                             <ns2:Classification id="Cla12" classificationScheme="urn:uuid:41a5887f-8865-4c09-adf7-e362475b143a" classifiedObject="b576aac4-33be-4875-b875-f8ee50bf66e1" nodeRepresentation="10">
                                 <ns2:Slot name="codingScheme">
                                     <ns2:ValueList>
                                         <ns2:Value>1.2.250.1.213.1.1.4.1</ns2:Value>
                                     </ns2:ValueList>
                                 </ns2:Slot>
                                 <ns2:Name>
                                     <ns2:LocalizedString value="Compte rendu"/>
                                 </ns2:Name>
                             </ns2:Classification>
                             <!-- ***************************************************************************-->
                             <!--     Confidentiality  -->
                             <!-- ***************************************************************************-->
                             <ns2:Classification id="Cla13" classificationScheme="urn:uuid:f4f85eac-e6cb-4883-b524-f2705394840f" classifiedObject="b576aac4-33be-4875-b875-f8ee50bf66e0" nodeRepresentation="N">
                                 <ns2:Slot name="codingScheme">
                                     <ns2:ValueList>
                                         <ns2:Value>2.16.840.1.113883.5.25</ns2:Value>
                                     </ns2:ValueList>
                                 </ns2:Slot>
                                 <ns2:Name>
                                     <ns2:LocalizedString value="Normal"/>
                                 </ns2:Name>
                             </ns2:Classification>
                             <!--***********************************-->
                             <!--  Format -->
                             <!--***********************************-->
                             <ns2:Classification id="cla14" classificationScheme="urn:uuid:a09d5840-386c-46f2-b5ad-9c3699a4309d" classifiedObject="b576aac4-33be-4875-b875-f8ee50bf66e0" nodeRepresentation="urn:ihe:lab:xd-lab:2008"> 
                                 <ns2:Slot name="codingScheme">
                                     <ns2:ValueList>
                                         <ns2:Value>2.16.840.1.113883.6.1</ns2:Value>
                                     </ns2:ValueList>
                                 </ns2:Slot>
                                 <ns2:Name>
                                     <ns2:LocalizedString value="Compte rendu structuré d'examens de biologie médicale"/>
                                 </ns2:Name>
                             </ns2:Classification>
                             <!--***********************************-->
                             <!--  HealthcareFacility -->
                             <!--***********************************-->
                             <ns2:Classification id="Cla15" classificationScheme="urn:uuid:f33fb8ac-18af-42cc-ae0e-ed0b0bdb91e1" classifiedObject="b576aac4-33be-4875-b875-f8ee50bf66e0" nodeRepresentation="SA25">
                                 <ns2:Slot name="codingScheme">
                                     <ns2:ValueList>
                                         <ns2:Value>1.2.250.1.71.4.2.4</ns2:Value>
                                     </ns2:ValueList>
                                 </ns2:Slot>
                                 <ns2:Name>
                                     <ns2:LocalizedString value="Laboratoire de biologie médicale"/>
                                 </ns2:Name>
                             </ns2:Classification>
                             <!--********************************-->
                             <!--  Practice Settings -->
                             <!--********************************-->
                             <ns2:Classification id="Cla16" classificationScheme="urn:uuid:cccf5598-8b07-4b77-a05e-ae952c785ead" classifiedObject="urn:uuid:4a889fd4-012f-4000-e008-12c48372fe64" nodeRepresentation="AMBULATOIRE">
                                 <ns2:Slot name="codingScheme">
                                     <ns2:ValueList>
                                         <ns2:Value>1.2.250.1.213.1.1.4.9</ns2:Value>
                                     </ns2:ValueList>
                                 </ns2:Slot>
                                 <ns2:Name>
                                     <ns2:LocalizedString  xml:lang="FR" charset="UTF8"  value="Ambulatoire"   />
                                 </ns2:Name>
                             </ns2:Classification>
                             <!--********************************-->
                             <!--  Type -->
                             <!--********************************-->
                             <ns2:Classification id="Cla17" classificationScheme="urn:uuid:f0306f51-975f-434e-a61c-c59651d33983" classifiedObject="b576aac4-33be-4875-b875-f8ee50bf66e0" nodeRepresentation="11502-2">
                                 <ns2:Slot name="codingScheme">
                                     <ns2:ValueList>
                                         <ns2:Value>2.16.840.1.113883.6.1</ns2:Value>
                                     </ns2:ValueList>
                                 </ns2:Slot>
                                 <ns2:Name>
                                     <ns2:LocalizedString  xml:lang="FR" charset="UTF8"  value="CR d'examens biologiques"   />
                                 </ns2:Name>
                             </ns2:Classification>
                             <!--********************************-->
                             <!--  PatientId -->
                             <!--********************************-->
                             <ns2:ExternalIdentifier id="PaIdEO01" identificationScheme="urn:uuid:58a6f841-87b3-4a3e-92fd-a8ffeff98427" registryObject="urn:uuid:4a889fd4-012f-4000-e008-12c48372fe64" value="277076322082910^^^&amp;1.2.250.1.213.1.4.8&amp;ISO^NH">
                                 <ns2:Name>
                                     <ns2:LocalizedString value="XDSDocumentEntry.patientId"/>
                                 </ns2:Name>
                             </ns2:ExternalIdentifier>
                             <!--********************************-->
                             <!--  UniqueId -->
                             <!--********************************-->
                             <ns2:ExternalIdentifier id="ei12" identificationScheme="urn:uuid:2e82c1f6-a085-4c72-9da3-8640a32e42ab" registryObject="b576aac4-33be-4875-b875-f8ee50bf66e0" value="1.2.250.1.213.1.1.9^CR-BIO_2021.01_20210104_005_1">
                                 <ns2:Name>
                                     <ns2:LocalizedString xml:lang="FR" charset="UTF8"  value="XDSDocumentEntry.uniqueId"/>
                                 </ns2:Name>
                             </ns2:ExternalIdentifier>
                         </ns2:ExtrinsicObject>
                         <!--*****************************************-->
                         <!--*            ASSOCIATIONS -->
                         <!--*****************************************-->
                         <ns2:Association id="association_0001" objectType="Original" associationType="urn:oasis:names:tc:ebxml-regrep:AssociationType:HasMember"                           sourceObject="SubmissionSet_01" targetObject="documentEntryUUID_00001" xmlns:ns2="urn:oasis:names:tc:ebxml-regrep:xsd:rim:3.0">
                             <ns2:Slot name="SubmissionSetStatus">
                                 <ns2:ValueList>
                                     <ns2:Value>Original</ns2:Value>
                                 </ns2:ValueList>
                             </ns2:Slot>
                         </ns2:Association>
                 </RegistryObjectList>
             </ns5:SubmitObjectsRequest>

